bin,business_name,trade_name,business_type,dti_no,dti_registratrion_expiry_date,sec_no,cda_no,tin_no,email_address,cellphone_no,telephone_no,incharge_first_name,incharge_middle_name,incharge_last_name,incharge_extension_name,incharge_sex,incharge_country_of_citizenship,incharge_street,incharge_barangay,incharge_municipality,incharge_province,office_street,office_barangay_code,location_owned,tdn_no,pin_no,lessor_name,monthly_rental,area,no_of_male_employees,no_of_female_employees,no_of_employees_residing_within_the_area,no_of_van,no_of_truck,no_of_motorcycle,activity_type
1400101-2024-0000001,Juan Dela Cruz General Merchandise,JDC Store,SOLE PROPRIETORSHIP,DTI-2024-12345,12/31/2025,,,123-456-789,jdcruz@gmail.com,639171234567,028855123,Juan,Santos,Cruz,,M,Filipino,Rizal Street,Brgy. San Isidro,Makati City,Metro Manila,12345,1400101001,1,TDN-2024-001,PIN-2024-001,,,150,3,2,1,1,0,1,Retail
1400101-2024-0000002,ABC Corporation,,CORPORATION,,,SEC-2024-56789,,987-654-321,abc@corporate.com.ph,639288765432,,Maria,Reyes,Santos,,F,Filipino,Mabini Street,Brgy. Poblacion,Pasig City,Metro Manila,456,1400101002,0,,,,Juan Dela Cruz Properties,25000,200,5,3,2,1,1,0,Wholesale
1400101-2024-0000003,Reyes Hardware & Supply,Reyes Hardware,SOLE PROPRIETORSHIP,DTI-2024-67890,06/15/2026,,,456-789-123,reyeshardware@yahoo.com,091712345678,0281234567,Pedro,Garcia,Reyes Jr.,Jr.,male,filipino,Quezon Avenue,Brgy. Katipunan,Quezon City,Metro Manila,789,1400101003,Owned,TDN-2024-002,,,,80,2,1,0,0,1,1,Construction Supply
1400101-2024-0000004,Luzviminda Cooperative,,COOPERATIVE,,,,CDA-2024-11111,321-654-987,lcoop@ coop.ph ,639351234567,,Ana,Lim,Tan,,F,Filipino,,Brgy. Santo Nino,Caloocan City,Metro Manila,,1400101004,0,,,"Luzviminda Realty Corp.",15000,120,4,2,3,0,0,0,Grocery
1400101-2024-0000005,Maria's Sari-Sari Store,Mari Store,SOLE PROPRIETORSHIP,DTI-2024-11111,01/20/2025,,,111-222-333,maria.sari@gmail.com,9175551234,,Maria,,Dela Cruz,ES,Filipino,Roxas Blvd,Brgy. Baclaran,Paranaque City,Metro Manila,321,1400101005,1,,PIN-2024-003,,,,25,0,1,0,0,0,0,Sari-Sari Store
1400101-2024-0000006,Tech Solutions OPC,,ONE PERSON CORPORATION,,,SEC-OPC-2024-001,,654-321-987,tech.opc@GMAIL.COM,+639178889999,,Carlos,Magno,Santos,,M,Filipino,Ayala Avenue,Brgy. San Lorenzo,Makati City,Metro Manila,555,1400101006,0,,,,Premier Offices Inc.,50000,300,10,5,4,2,1,0,IT Services
1400101-2024-0000007,Big joe partnership,BJP,partnership,,,SEC-PRT-2024-100,,888-999-000,bigjoe@partner.com,639198765432,,Joseph,Anthony,Mendoza III,Iii,M,Philippine,Bonifacio Street,Brgy. Poblacion,Mandaluyong City,Metro Manila,666,1400101007,Rented,,,Big Joe Landlord,20000.50,100,3,3,1,0,1,0,Food Service
1400101-2024-0000008,Green Earth Trading,,SOLE PROPRIETORSHIP,DTI-2024-99999,2025-12-31,,,555-666-777,green@earth.com,09281234567,,Luisa,,Garcia,,F,Filipino,Ortigas Ave,Brgy. Wack-Wack,Mandaluyong City,Metro Manila,777,1400101008,1,TDN-2024-003,,,,,50,1,1,2,0,0,0,Trading
1400101-2024-0000009,Quick Mart Convenience,,SOLE PROPRIETORSHIP,DTI-2024-55555,invalid-date,,,444-555-666,quick.mart@email.com,6391234567890,02 8855 1234,Ricardo,,Dela Rosa,SR,M,American,Sunset Drive,Brgy. Marcelo Green,Paranaque City,Metro Manila,888,1400101009,0,,,,ABC Leasing Company,18000,75,2,3,5,1,0,1,Convenience Store
1400101-2024-0000010,Golden partnership,,PARTNERSHIP,,05/30/2026,SEC-P-2024-200,,222-333-444,golden@partnership.ph,639661234567,,Eduardo,Santos,Villar,M,filipino,Commonwealth Ave,Brgy. Batasan Hills,Quezon City,Metro Manila,999,1400101010,1,,,PIN-2024-005,,250,6,4,3,2,0,Real Estate
1400101-2024-0000011,Mega Mall Corp,,corporation,,,SEC-MEGA-2024-001,,999-888-777,mega@mallcorp.com,639198887776,,Isabella,Reyes,Cruz,Lopez,F,Filipino,EDSA,Brgy. Wack-Wack,Mandaluyong City,Metro Manila,101,1400101011,0,,,,Mega Properties Corp,75000,500,50,30,20,5,3,Entertainment
1400101-2024-0000012,Small Business,,SOLE PROPRIETORSHIP,,,,,000-111-222,small@biz.com,639100000001,,Al,,Yu,,M,Chinese,Chinatown St,Brgy. Binondo,Manila,Metro Manila,202,1400101012,1,TDN-2024-010,PIN-2024-010,,,,15,0,0,0,0,0,0,Retail
1400101-2024-0000013,Sunrise Bakery,Sunrise,SOLE PROPRIETORSHIP,DTI-2024-BK01,03/15/2026,,,111-333-555,sunrise@bakery.ph,639261234567,0287654321,Rosa,Delos,Santos,,F,Filipino,Libertad Street,Brgy. San Antonio,Makati City,Metro Manila,303,1400101013,0,,,,Makati Land Holdings,8000,40,2,3,1,0,0,Bakery
1400101-2024-0000014,PRS Logistics,,PARTNERSHIP,,,SEC-PRS-2024-001,,444-555-999,prs@logistics.com,639378889990,,Roberto,,Santos,Jr.,M,Filipino,Quirino Highway,Brgy. Novaliches Proper,Quezon City,Metro Manila,404,1400101014,1,TDN-2024-015,PIN-2024-015,,,,,400,8,5,6,3,2,Logistics
1400101-2024-0000015,Angela's Beauty Salon,,SOLE PROPRIETORSHIP,DTI-2024-BT01,09/30/2025,,,666-777-888,angela.beauty@salon.ph,639451234567,,Angela,,Gonzales,,F,Filipino,Timog Avenue,Brgy. Sacred Heart,Quezon City,Metro Manila,505,1400101015,0,,,,QC Commercial Spaces,12000,30,1,4,0,0,0,Beauty Salon
